<?xml version="1.0" encoding="utf-8"?>
<extension type="component" version="3.5.0" method="upgrade">
    <name>COM_NOBOSSAJAX</name>
    <creationDate>2022-12-29</creationDate>
    <author>No Boss Technology</author>
    <autorURL>https://www.nobosstechnology.com/</autorURL>
    <authorEmail>contact@nobosstechnology.com</authorEmail>
    <copyright>© 2022 No Boss Technology</copyright>
	<license>https://www.gnu.org/licenses/lgpl-3.0.en.html GNU/LGPL</license>
	<version>2.0.4</version>
    <description>COM_NOBOSSAJAX_XML_DESCRIPTION</description>
    <updateservers>
        <server type="extension" priority="1" name="COM_NOBOSSAJAX">https://www.nobossextensions.com/repository/extras/nobossajax/xml.xml</server>
    </updateservers>

    <administration>
        <files folder="admin">
            <folder>language</folder>
            <filename>nobossajax.php</filename>
            <filename>nobossajax.xml</filename>
        </files>
    </administration>
    <files folder="site">
        <filename>nobossajax.php</filename>
    </files>
</extension>
