<?xml version="1.0" encoding="utf-8"?>
<extension type="component" version="2.9.0" method="upgrade">
    <name>Smart Slider 3</name>
    <author>Nextendweb</author>
    <creationDate>2023-02-13</creationDate>
    <copyright>Copyright (C) 2020 Nextendweb.com. All rights reserved.</copyright>
    <license>http://www.gnu.org/licenses/gpl-3.0.txt GNU General Public License</license>
    <authorEmail>roland@nextendweb.com</authorEmail>
    <authorUrl>https://smartslider3.com</authorUrl>
    <version>3.5.1.14</version>

    <scriptfile>script.smartslider3.php</scriptfile>

    <install> <!-- Runs on install -->
        <sql>
            <file driver="mysql" charset="utf8">sql/install.mysql.utf8.sql</file>
        </sql>
    </install>
    <uninstall> <!-- Runs on uninstall -->
        <sql>
            <file driver="mysql" charset="utf8">sql/uninstall.mysql.utf8.sql</file>
        </sql>
    </uninstall>

    <media folder="media">
        <folder>smartslider3</folder>
    </media>

    <files folder="frontend">
        <filename>smartslider3.php</filename>
    </files>

    <administration>
        <menu>COM_SMARTSLIDER3</menu>

        <files folder="backend">
            <folder>sql</folder>
            <filename>smartslider3.php</filename>
            <filename>icon16.png</filename>
            <filename>config.xml</filename>
            <filename>access.xml</filename>
            <filename>index.html</filename>
        </files>

        <languages folder="language">
            <language tag="en-GB">en-GB/en-GB.com_smartslider3.ini</language>
            <language tag="en-GB">en-GB/en-GB.com_smartslider3.sys.ini</language>
            <language tag="en-GB">en-GB/en-GB.com_smartslider3.menu.ini</language>
        </languages>
    </administration>

    <updateservers>
        <server type="extension" name="Smart Slider 3 Updates">
            <![CDATA[https://api.nextendweb.com/v1/?action=joomla_version&platform=joomla&product=smartslider3&pro=0&channel=stable]]>
        </server>
    </updateservers>
</extension>