<?xml version="1.0" encoding="utf-8"?>
<extension version="3.5.0" type="package" method="upgrade">
    <name>No Boss Testimonials</name>
    <author>No Boss Technology</author>
    <autorURL>https://www.nobosstechnology.com/</autorURL>
    <authorEmail>contact@nobosstechnology.com</authorEmail>
    <creationDate>2023-04-12</creationDate>
    <packagename>nobosstestimonials</packagename>
    <version>1.4.9</version>
    <url>https://www.nobosstechnology.com/</url>
    <packager>No Boss Technology</packager>
    <packagerurl>https://www.nobosstechnology.com/</packagerurl>
    <copyright>Copyright © 2021 No Boss Technology</copyright>
    <license>GNU/LGPL license: http://www.gnu.org/licenses/lgpl-3.0.en.html</license>
    <description>No Boss Testimonials complete installation package</description>

    <updateservers>
        <server type="extension" priority="1" name="No Boss Testimonials">https://www.nobossextensions.com/repository/extensions/nobosstestimonials/xml.xml</server>
    </updateservers>

    <!-- Installation script -->
    <scriptfile>script.package.php</scriptfile>

    <files><file type="component" id="com_nobosstestimonials">com_nobosstestimonials.zip</file><file type="module" id="mod_nobosstestimonials">mod_nobosstestimonials.zip</file><file type="module" id="mod_nobosstestimonialsubmission">mod_nobosstestimonialsubmission.zip</file></files>
</extension>
