<?xml version="1.0" encoding="utf-8"?>
<extension version="3.5.0" type="package" method="upgrade">
    <name>PKG_NOBOSS</name>
    <author>No Boss Technology</author>
    <autorURL>https://www.nobosstechnology.com/</autorURL>
    <authorEmail>contact@nobosstechnology.com</authorEmail>
    <creationDate>2023-04-12</creationDate>
    <packagename>noboss</packagename>
    <version>1.0.0</version>
    <url>https://www.nobosstechnology.com/</url>
    <packager>No Boss Technology</packager>
    <packagerurl>https://www.nobosstechnology.com/</packagerurl>
    <copyright>Copyright © 2021 No Boss Technology</copyright>
    <license>GNU/LGPL license: http://www.gnu.org/licenses/lgpl-3.0.en.html</license>
    <description>PKG_NOBOSS_XML_DESCRIPTION</description>

    <!-- Installation script -->
    <scriptfile>script.package.php</scriptfile>

    <files><file type="package" id="nobosstestimonials">pkg_nobosstestimonials.zip</file><file type="plugin" id="plg_nobossautoupdate">plg_nobossautoupdate.zip</file></files>
</extension>
