{
  "$schema": "https://developer.joomla.org/schemas/json-schema/web_assets.json",
  "name": "com_joomtestimonials",
  "version": "4.0.0",
  "description": "Media manager for JoomTestimonials",
  "license": "GPL-2.0-or-later",
  "assets": [
    {
      "name": "fontawesome",
      "type": "style",
      "uri": "system/joomla-fontawesome.min.css"
    },
    {
      "name": "com_joomtestimonials.form",
      "type": "script",
      "dependencies": [
        "jquery",
        "core"
      ],
      "uri": "com_joomtestimonials/form.js"
    }
  ]
}