{"supportCarousel":"1","supportAnimation":"1","list_main":{"orderby":"rdate","list_limit":"10","strip_tags":"1","show_pagination":"2","show_pagination_results":"1","show_submit_button":"1","form_type":"0"},"display_list_type":"list","list_columns":{"bs_xs_columns":"12","bs_sm_columns":"6","bs_md_columns":"4","bs_lg_columns":"3","bs_xl_columns":"3","bs_xxl_columns":"3","gutter_x":"3","gutter_y":"3"},"carousel":{"autoplay":"1","autoplaydelay":"2000","effect":"slide","slideshadows":"true","item1024":"4","item768":"3","item480":"1","bar":"1","navbuttons":"1","navbuttons_onhover":"0","navbuttons_color":"","nav_prev":"\u276e","nav_next":"\u276f","autoheight":"true","citemheight":"100%","loop":"true","loopblank":"false","grapcursor":"true"},"list_type":"item-card","font_size":"","text_color":"","text_align":"text-end","link_color":"","box_color":"","box_border_color":"","box_border_type":"dashed","box_border_radius":"0px","item_video":{"show_video":"0","video_type":"0","video_width":"100%","video_height":"225px","lightbox_button":"btn btn-primary"},"show_cfields":"1","cfields_position":"1","show_vote":"1","activestar_color":"#edb867","inactivestar_color":"#d2d2d2","rating_position":"0","show_permalink":"1","permalink_btn_class":"btn btn-primary btn-sm","show_date":"1","show_position":"1","show_company":"1","link_website":"1","show_avatar":"1","avatar_position":"top","avatar_size":"","avatar_radius":"","custom_class":"shadow-sm rounded","item_textlimiter":{"text_limiter":"1","text_amount":"200","text_full":"1","less_button":"1","text_button_classes":"btn btn-sm btn-light"},"list_animation":{"animation":"0","anim_boxclass":"animatemycat","anim_animateclass":"bounce","anim_duration":"0.4s","anim_delay":"0.3s","anim_offset":"0","anim_mobile":"true","anim_live":"true","anim_scrollcontainer":"null"},"custom_css":{"custom_css":""}}