<?xml version="1.0" encoding="utf-8"?>
<extension type="module" version="3.9.0" method="upgrade" client="site">
    <name>Smart Slider 3 Module</name>
    <author>Nextendweb</author>
    <creationDate>2023-02-14</creationDate>
    <copyright>Copyright (C) 2020 Nextendweb.com. All rights reserved.</copyright>
    <license>http://www.gnu.org/licenses/gpl-3.0.txt GNU General Public License</license>
    <authorEmail>roland@nextendweb.com</authorEmail>
    <authorUrl>https://smartslider3.com</authorUrl>
    <version>3.5.1.14</version>
    <description>This module displays sliders from Smart Slider 3. You can create the sliders in the Smart Slider 3
        component!
    </description>
    <config>
        <fields name="params">
            <fieldset name="basic" addfieldpath="/modules/mod_smartslider3/fields">
                <field name="slider" type="sql" default="1" label="Select a slider"
                       query="SELECT sliders.id AS id, CONCAT('#', sliders.id, ' - ', sliders.title) AS title FROM #__nextend2_smartslider3_sliders AS sliders LEFT JOIN #__nextend2_smartslider3_sliders_xref AS xref ON xref.slider_id = sliders.id WHERE (xref.group_id IS NULL OR xref.group_id = 0 OR (SELECT _sliders.slider_status FROM #__nextend2_smartslider3_sliders AS _sliders WHERE _sliders.id = xref.group_id ) LIKE 'published') AND sliders.slider_status = 'published' ORDER BY sliders.time DESC"
                       key_field="id"
                       value_field="title"/>
                <field name="editslider" type="editslider" default="" label=""/>
            </fieldset>
            <fieldset name="advanced">
                <field name="moduleclass_sfx" type="text" label="COM_MODULES_FIELD_MODULECLASS_SFX_LABEL"
                       description="COM_MODULES_FIELD_MODULECLASS_SFX_DESC"/>
            </fieldset>
        </fields>
    </config>
    <files>
        <filename module="mod_smartslider3">mod_smartslider3.php</filename>
        <filename>mod_smartslider3.xml</filename>
        <folder>fields</folder>
        <filename>index.html</filename>
    </files>
    <updateservers>
        <server type="extension" name="Smart Slider 3 Updates">
            <![CDATA[https://api.nextendweb.com/v1/?action=joomla_version&platform=joomla&product=smartslider3&pro=1&channel=stable]]>
        </server>
    </updateservers>
</extension>